title,date,severity,summary,link,year
CVE-2020-0,2015-01-01,Critical,Vulnerability summary text,http://link.com,2015
CVE-2021-1,2015-01-04,Medium,Vulnerability summary text,http://link.com,2015
CVE-2022-2,2015-01-07,Low,Vulnerability summary text,http://link.com,2015
CVE-2023-3,2015-01-10,Medium,Vulnerability summary text,http://link.com,2015
CVE-2024-4,2015-01-14,High,Vulnerability summary text,http://link.com,2015
CVE-2025-5,2015-01-17,Medium,Vulnerability summary text,http://link.com,2015
CVE-2026-6,2015-01-20,Low,Vulnerability summary text,http://link.com,2015
CVE-2027-7,2015-01-24,Medium,Vulnerability summary text,http://link.com,2015
CVE-2028-8,2015-01-27,Medium,Vulnerability summary text,http://link.com,2015
CVE-2029-9,2015-01-30,Low,Vulnerability summary text,http://link.com,2015
CVE-2020-10,2015-02-02,High,Vulnerability summary text,http://link.com,2015
CVE-2021-11,2015-02-06,High,Vulnerability summary text,http://link.com,2015
CVE-2022-12,2015-02-09,Critical,Vulnerability summary text,http://link.com,2015
CVE-2023-13,2015-02-12,Critical,Vulnerability summary text,http://link.com,2015
CVE-2024-14,2015-02-16,Medium,Vulnerability summary text,http://link.com,2015
CVE-2025-15,2015-02-19,Low,Vulnerability summary text,http://link.com,2015
CVE-2026-16,2015-02-22,Critical,Vulnerability summary text,http://link.com,2015
CVE-2027-17,2015-02-25,Medium,Vulnerability summary text,http://link.com,2015
CVE-2028-18,2015-03-01,Medium,Vulnerability summary text,http://link.com,2015
CVE-2029-19,2015-03-04,Low,Vulnerability summary text,http://link.com,2015
CVE-2020-20,2015-03-07,Low,Vulnerability summary text,http://link.com,2015
CVE-2021-21,2015-03-11,Low,Vulnerability summary text,http://link.com,2015
CVE-2022-22,2015-03-14,High,Vulnerability summary text,http://link.com,2015
CVE-2023-23,2015-03-17,Medium,Vulnerability summary text,http://link.com,2015
CVE-2024-24,2015-03-20,Medium,Vulnerability summary text,http://link.com,2015
CVE-2025-25,2015-03-24,High,Vulnerability summary text,http://link.com,2015
CVE-2026-26,2015-03-27,Low,Vulnerability summary text,http://link.com,2015
CVE-2027-27,2015-03-30,High,Vulnerability summary text,http://link.com,2015
CVE-2028-28,2015-04-03,High,Vulnerability summary text,http://link.com,2015
CVE-2029-29,2015-04-06,Low,Vulnerability summary text,http://link.com,2015
CVE-2020-30,2015-04-09,Medium,Vulnerability summary text,http://link.com,2015
CVE-2021-31,2015-04-12,Low,Vulnerability summary text,http://link.com,2015
CVE-2022-32,2015-04-16,Low,Vulnerability summary text,http://link.com,2015
CVE-2023-33,2015-04-19,Critical,Vulnerability summary text,http://link.com,2015
CVE-2024-34,2015-04-22,Critical,Vulnerability summary text,http://link.com,2015
CVE-2025-35,2015-04-26,Medium,Vulnerability summary text,http://link.com,2015
CVE-2026-36,2015-04-29,Critical,Vulnerability summary text,http://link.com,2015
CVE-2027-37,2015-05-02,Critical,Vulnerability summary text,http://link.com,2015
CVE-2028-38,2015-05-06,Critical,Vulnerability summary text,http://link.com,2015
CVE-2029-39,2015-05-09,Low,Vulnerability summary text,http://link.com,2015
CVE-2020-40,2015-05-12,Critical,Vulnerability summary text,http://link.com,2015
CVE-2021-41,2015-05-15,High,Vulnerability summary text,http://link.com,2015
CVE-2022-42,2015-05-19,Medium,Vulnerability summary text,http://link.com,2015
CVE-2023-43,2015-05-22,High,Vulnerability summary text,http://link.com,2015
CVE-2024-44,2015-05-25,High,Vulnerability summary text,http://link.com,2015
CVE-2025-45,2015-05-29,High,Vulnerability summary text,http://link.com,2015
CVE-2026-46,2015-06-01,Low,Vulnerability summary text,http://link.com,2015
CVE-2027-47,2015-06-04,High,Vulnerability summary text,http://link.com,2015
CVE-2028-48,2015-06-07,Medium,Vulnerability summary text,http://link.com,2015
CVE-2029-49,2015-06-11,Medium,Vulnerability summary text,http://link.com,2015
CVE-2020-50,2015-06-14,High,Vulnerability summary text,http://link.com,2015
CVE-2021-51,2015-06-17,Critical,Vulnerability summary text,http://link.com,2015
CVE-2022-52,2015-06-21,Medium,Vulnerability summary text,http://link.com,2015
CVE-2023-53,2015-06-24,Medium,Vulnerability summary text,http://link.com,2015
CVE-2024-54,2015-06-27,Medium,Vulnerability summary text,http://link.com,2015
CVE-2025-55,2015-06-30,Medium,Vulnerability summary text,http://link.com,2015
CVE-2026-56,2015-07-04,Critical,Vulnerability summary text,http://link.com,2015
CVE-2027-57,2015-07-07,Critical,Vulnerability summary text,http://link.com,2015
CVE-2028-58,2015-07-10,Critical,Vulnerability summary text,http://link.com,2015
CVE-2029-59,2015-07-14,Critical,Vulnerability summary text,http://link.com,2015
CVE-2020-60,2015-07-17,Critical,Vulnerability summary text,http://link.com,2015
CVE-2021-61,2015-07-20,Medium,Vulnerability summary text,http://link.com,2015
CVE-2022-62,2015-07-23,Critical,Vulnerability summary text,http://link.com,2015
CVE-2023-63,2015-07-27,Low,Vulnerability summary text,http://link.com,2015
CVE-2024-64,2015-07-30,Medium,Vulnerability summary text,http://link.com,2015
CVE-2025-65,2015-08-02,Medium,Vulnerability summary text,http://link.com,2015
CVE-2026-66,2015-08-06,High,Vulnerability summary text,http://link.com,2015
CVE-2027-67,2015-08-09,Critical,Vulnerability summary text,http://link.com,2015
CVE-2028-68,2015-08-12,High,Vulnerability summary text,http://link.com,2015
CVE-2029-69,2015-08-16,Medium,Vulnerability summary text,http://link.com,2015
CVE-2020-70,2015-08-19,Low,Vulnerability summary text,http://link.com,2015
CVE-2021-71,2015-08-22,High,Vulnerability summary text,http://link.com,2015
CVE-2022-72,2015-08-25,Medium,Vulnerability summary text,http://link.com,2015
CVE-2023-73,2015-08-29,High,Vulnerability summary text,http://link.com,2015
CVE-2024-74,2015-09-01,High,Vulnerability summary text,http://link.com,2015
CVE-2025-75,2015-09-04,Low,Vulnerability summary text,http://link.com,2015
CVE-2026-76,2015-09-08,Low,Vulnerability summary text,http://link.com,2015
CVE-2027-77,2015-09-11,Low,Vulnerability summary text,http://link.com,2015
CVE-2028-78,2015-09-14,High,Vulnerability summary text,http://link.com,2015
CVE-2029-79,2015-09-17,Medium,Vulnerability summary text,http://link.com,2015
CVE-2020-80,2015-09-21,High,Vulnerability summary text,http://link.com,2015
CVE-2021-81,2015-09-24,High,Vulnerability summary text,http://link.com,2015
CVE-2022-82,2015-09-27,Low,Vulnerability summary text,http://link.com,2015
CVE-2023-83,2015-10-01,Medium,Vulnerability summary text,http://link.com,2015
CVE-2024-84,2015-10-04,Low,Vulnerability summary text,http://link.com,2015
CVE-2025-85,2015-10-07,High,Vulnerability summary text,http://link.com,2015
CVE-2026-86,2015-10-10,Critical,Vulnerability summary text,http://link.com,2015
CVE-2027-87,2015-10-14,Medium,Vulnerability summary text,http://link.com,2015
CVE-2028-88,2015-10-17,Low,Vulnerability summary text,http://link.com,2015
CVE-2029-89,2015-10-20,Low,Vulnerability summary text,http://link.com,2015
CVE-2020-90,2015-10-24,Low,Vulnerability summary text,http://link.com,2015
CVE-2021-91,2015-10-27,Critical,Vulnerability summary text,http://link.com,2015
CVE-2022-92,2015-10-30,High,Vulnerability summary text,http://link.com,2015
CVE-2023-93,2015-11-02,Medium,Vulnerability summary text,http://link.com,2015
CVE-2024-94,2015-11-06,Critical,Vulnerability summary text,http://link.com,2015
CVE-2025-95,2015-11-09,Medium,Vulnerability summary text,http://link.com,2015
CVE-2026-96,2015-11-12,Medium,Vulnerability summary text,http://link.com,2015
CVE-2027-97,2015-11-16,Critical,Vulnerability summary text,http://link.com,2015
CVE-2028-98,2015-11-19,Critical,Vulnerability summary text,http://link.com,2015
CVE-2029-99,2015-11-22,High,Vulnerability summary text,http://link.com,2015
CVE-2020-100,2015-11-26,Medium,Vulnerability summary text,http://link.com,2015
CVE-2021-101,2015-11-29,Critical,Vulnerability summary text,http://link.com,2015
CVE-2022-102,2015-12-02,Critical,Vulnerability summary text,http://link.com,2015
CVE-2023-103,2015-12-05,High,Vulnerability summary text,http://link.com,2015
CVE-2024-104,2015-12-09,Low,Vulnerability summary text,http://link.com,2015
CVE-2025-105,2015-12-12,Critical,Vulnerability summary text,http://link.com,2015
CVE-2026-106,2015-12-15,Medium,Vulnerability summary text,http://link.com,2015
CVE-2027-107,2015-12-19,Critical,Vulnerability summary text,http://link.com,2015
CVE-2028-108,2015-12-22,Medium,Vulnerability summary text,http://link.com,2015
CVE-2029-109,2015-12-25,Low,Vulnerability summary text,http://link.com,2015
CVE-2020-110,2015-12-28,Low,Vulnerability summary text,http://link.com,2015
CVE-2021-111,2016-01-01,Critical,Vulnerability summary text,http://link.com,2016
CVE-2022-112,2016-01-04,High,Vulnerability summary text,http://link.com,2016
CVE-2023-113,2016-01-07,Medium,Vulnerability summary text,http://link.com,2016
CVE-2024-114,2016-01-11,High,Vulnerability summary text,http://link.com,2016
CVE-2025-115,2016-01-14,Medium,Vulnerability summary text,http://link.com,2016
CVE-2026-116,2016-01-17,Low,Vulnerability summary text,http://link.com,2016
CVE-2027-117,2016-01-20,Low,Vulnerability summary text,http://link.com,2016
CVE-2028-118,2016-01-24,High,Vulnerability summary text,http://link.com,2016
CVE-2029-119,2016-01-27,High,Vulnerability summary text,http://link.com,2016
CVE-2020-120,2016-01-30,Low,Vulnerability summary text,http://link.com,2016
CVE-2021-121,2016-02-03,Medium,Vulnerability summary text,http://link.com,2016
CVE-2022-122,2016-02-06,Medium,Vulnerability summary text,http://link.com,2016
CVE-2023-123,2016-02-09,Medium,Vulnerability summary text,http://link.com,2016
CVE-2024-124,2016-02-12,Critical,Vulnerability summary text,http://link.com,2016
CVE-2025-125,2016-02-16,Low,Vulnerability summary text,http://link.com,2016
CVE-2026-126,2016-02-19,Medium,Vulnerability summary text,http://link.com,2016
CVE-2027-127,2016-02-22,High,Vulnerability summary text,http://link.com,2016
CVE-2028-128,2016-02-26,Critical,Vulnerability summary text,http://link.com,2016
CVE-2029-129,2016-02-29,Medium,Vulnerability summary text,http://link.com,2016
CVE-2020-130,2016-03-03,Medium,Vulnerability summary text,http://link.com,2016
CVE-2021-131,2016-03-07,Low,Vulnerability summary text,http://link.com,2016
CVE-2022-132,2016-03-10,Low,Vulnerability summary text,http://link.com,2016
CVE-2023-133,2016-03-13,Medium,Vulnerability summary text,http://link.com,2016
CVE-2024-134,2016-03-16,Medium,Vulnerability summary text,http://link.com,2016
CVE-2025-135,2016-03-20,Critical,Vulnerability summary text,http://link.com,2016
CVE-2026-136,2016-03-23,Critical,Vulnerability summary text,http://link.com,2016
CVE-2027-137,2016-03-26,Critical,Vulnerability summary text,http://link.com,2016
CVE-2028-138,2016-03-30,Medium,Vulnerability summary text,http://link.com,2016
CVE-2029-139,2016-04-02,Critical,Vulnerability summary text,http://link.com,2016
CVE-2020-140,2016-04-05,Low,Vulnerability summary text,http://link.com,2016
CVE-2021-141,2016-04-08,Critical,Vulnerability summary text,http://link.com,2016
CVE-2022-142,2016-04-12,Medium,Vulnerability summary text,http://link.com,2016
CVE-2023-143,2016-04-15,Medium,Vulnerability summary text,http://link.com,2016
CVE-2024-144,2016-04-18,Medium,Vulnerability summary text,http://link.com,2016
CVE-2025-145,2016-04-22,Critical,Vulnerability summary text,http://link.com,2016
CVE-2026-146,2016-04-25,High,Vulnerability summary text,http://link.com,2016
CVE-2027-147,2016-04-28,Medium,Vulnerability summary text,http://link.com,2016
CVE-2028-148,2016-05-01,High,Vulnerability summary text,http://link.com,2016
CVE-2029-149,2016-05-05,High,Vulnerability summary text,http://link.com,2016
CVE-2020-150,2016-05-08,Critical,Vulnerability summary text,http://link.com,2016
CVE-2021-151,2016-05-11,High,Vulnerability summary text,http://link.com,2016
CVE-2022-152,2016-05-15,Critical,Vulnerability summary text,http://link.com,2016
CVE-2023-153,2016-05-18,Critical,Vulnerability summary text,http://link.com,2016
CVE-2024-154,2016-05-21,Low,Vulnerability summary text,http://link.com,2016
CVE-2025-155,2016-05-24,Critical,Vulnerability summary text,http://link.com,2016
CVE-2026-156,2016-05-28,Medium,Vulnerability summary text,http://link.com,2016
CVE-2027-157,2016-05-31,Medium,Vulnerability summary text,http://link.com,2016
CVE-2028-158,2016-06-03,Low,Vulnerability summary text,http://link.com,2016
CVE-2029-159,2016-06-07,High,Vulnerability summary text,http://link.com,2016
CVE-2020-160,2016-06-10,Low,Vulnerability summary text,http://link.com,2016
CVE-2021-161,2016-06-13,Medium,Vulnerability summary text,http://link.com,2016
CVE-2022-162,2016-06-17,Medium,Vulnerability summary text,http://link.com,2016
CVE-2023-163,2016-06-20,Critical,Vulnerability summary text,http://link.com,2016
CVE-2024-164,2016-06-23,Low,Vulnerability summary text,http://link.com,2016
CVE-2025-165,2016-06-26,High,Vulnerability summary text,http://link.com,2016
CVE-2026-166,2016-06-30,Critical,Vulnerability summary text,http://link.com,2016
CVE-2027-167,2016-07-03,Critical,Vulnerability summary text,http://link.com,2016
CVE-2028-168,2016-07-06,Low,Vulnerability summary text,http://link.com,2016
CVE-2029-169,2016-07-10,Medium,Vulnerability summary text,http://link.com,2016
CVE-2020-170,2016-07-13,Critical,Vulnerability summary text,http://link.com,2016
CVE-2021-171,2016-07-16,Low,Vulnerability summary text,http://link.com,2016
CVE-2022-172,2016-07-19,High,Vulnerability summary text,http://link.com,2016
CVE-2023-173,2016-07-23,Critical,Vulnerability summary text,http://link.com,2016
CVE-2024-174,2016-07-26,Low,Vulnerability summary text,http://link.com,2016
CVE-2025-175,2016-07-29,High,Vulnerability summary text,http://link.com,2016
CVE-2026-176,2016-08-02,Low,Vulnerability summary text,http://link.com,2016
CVE-2027-177,2016-08-05,Critical,Vulnerability summary text,http://link.com,2016
CVE-2028-178,2016-08-08,Medium,Vulnerability summary text,http://link.com,2016
CVE-2029-179,2016-08-11,High,Vulnerability summary text,http://link.com,2016
CVE-2020-180,2016-08-15,Critical,Vulnerability summary text,http://link.com,2016
CVE-2021-181,2016-08-18,Low,Vulnerability summary text,http://link.com,2016
CVE-2022-182,2016-08-21,Medium,Vulnerability summary text,http://link.com,2016
CVE-2023-183,2016-08-25,Medium,Vulnerability summary text,http://link.com,2016
CVE-2024-184,2016-08-28,High,Vulnerability summary text,http://link.com,2016
CVE-2025-185,2016-08-31,High,Vulnerability summary text,http://link.com,2016
CVE-2026-186,2016-09-03,High,Vulnerability summary text,http://link.com,2016
CVE-2027-187,2016-09-07,High,Vulnerability summary text,http://link.com,2016
CVE-2028-188,2016-09-10,Low,Vulnerability summary text,http://link.com,2016
CVE-2029-189,2016-09-13,Low,Vulnerability summary text,http://link.com,2016
CVE-2020-190,2016-09-17,High,Vulnerability summary text,http://link.com,2016
CVE-2021-191,2016-09-20,High,Vulnerability summary text,http://link.com,2016
CVE-2022-192,2016-09-23,Medium,Vulnerability summary text,http://link.com,2016
CVE-2023-193,2016-09-27,High,Vulnerability summary text,http://link.com,2016
CVE-2024-194,2016-09-30,High,Vulnerability summary text,http://link.com,2016
CVE-2025-195,2016-10-03,Low,Vulnerability summary text,http://link.com,2016
CVE-2026-196,2016-10-06,Medium,Vulnerability summary text,http://link.com,2016
CVE-2027-197,2016-10-10,Low,Vulnerability summary text,http://link.com,2016
CVE-2028-198,2016-10-13,Critical,Vulnerability summary text,http://link.com,2016
CVE-2029-199,2016-10-16,Critical,Vulnerability summary text,http://link.com,2016
CVE-2020-200,2016-10-20,Medium,Vulnerability summary text,http://link.com,2016
CVE-2021-201,2016-10-23,High,Vulnerability summary text,http://link.com,2016
CVE-2022-202,2016-10-26,Low,Vulnerability summary text,http://link.com,2016
CVE-2023-203,2016-10-29,Medium,Vulnerability summary text,http://link.com,2016
CVE-2024-204,2016-11-02,High,Vulnerability summary text,http://link.com,2016
CVE-2025-205,2016-11-05,High,Vulnerability summary text,http://link.com,2016
CVE-2026-206,2016-11-08,High,Vulnerability summary text,http://link.com,2016
CVE-2027-207,2016-11-12,Low,Vulnerability summary text,http://link.com,2016
CVE-2028-208,2016-11-15,Low,Vulnerability summary text,http://link.com,2016
CVE-2029-209,2016-11-18,Medium,Vulnerability summary text,http://link.com,2016
CVE-2020-210,2016-11-21,Critical,Vulnerability summary text,http://link.com,2016
CVE-2021-211,2016-11-25,Medium,Vulnerability summary text,http://link.com,2016
CVE-2022-212,2016-11-28,Critical,Vulnerability summary text,http://link.com,2016
CVE-2023-213,2016-12-01,High,Vulnerability summary text,http://link.com,2016
CVE-2024-214,2016-12-05,Critical,Vulnerability summary text,http://link.com,2016
CVE-2025-215,2016-12-08,Low,Vulnerability summary text,http://link.com,2016
CVE-2026-216,2016-12-11,Medium,Vulnerability summary text,http://link.com,2016
CVE-2027-217,2016-12-14,High,Vulnerability summary text,http://link.com,2016
CVE-2028-218,2016-12-18,High,Vulnerability summary text,http://link.com,2016
CVE-2029-219,2016-12-21,High,Vulnerability summary text,http://link.com,2016
CVE-2020-220,2016-12-24,Medium,Vulnerability summary text,http://link.com,2016
CVE-2021-221,2016-12-28,Critical,Vulnerability summary text,http://link.com,2016
CVE-2022-222,2016-12-31,High,Vulnerability summary text,http://link.com,2016
CVE-2023-223,2017-01-03,Low,Vulnerability summary text,http://link.com,2017
CVE-2024-224,2017-01-07,Medium,Vulnerability summary text,http://link.com,2017
CVE-2025-225,2017-01-10,High,Vulnerability summary text,http://link.com,2017
CVE-2026-226,2017-01-13,High,Vulnerability summary text,http://link.com,2017
CVE-2027-227,2017-01-16,High,Vulnerability summary text,http://link.com,2017
CVE-2028-228,2017-01-20,High,Vulnerability summary text,http://link.com,2017
CVE-2029-229,2017-01-23,Critical,Vulnerability summary text,http://link.com,2017
CVE-2020-230,2017-01-26,Medium,Vulnerability summary text,http://link.com,2017
CVE-2021-231,2017-01-30,Critical,Vulnerability summary text,http://link.com,2017
CVE-2022-232,2017-02-02,High,Vulnerability summary text,http://link.com,2017
CVE-2023-233,2017-02-05,High,Vulnerability summary text,http://link.com,2017
CVE-2024-234,2017-02-08,Critical,Vulnerability summary text,http://link.com,2017
CVE-2025-235,2017-02-12,Critical,Vulnerability summary text,http://link.com,2017
CVE-2026-236,2017-02-15,Medium,Vulnerability summary text,http://link.com,2017
CVE-2027-237,2017-02-18,Medium,Vulnerability summary text,http://link.com,2017
CVE-2028-238,2017-02-22,Critical,Vulnerability summary text,http://link.com,2017
CVE-2029-239,2017-02-25,Medium,Vulnerability summary text,http://link.com,2017
CVE-2020-240,2017-02-28,Critical,Vulnerability summary text,http://link.com,2017
CVE-2021-241,2017-03-03,Medium,Vulnerability summary text,http://link.com,2017
CVE-2022-242,2017-03-07,Low,Vulnerability summary text,http://link.com,2017
CVE-2023-243,2017-03-10,High,Vulnerability summary text,http://link.com,2017
CVE-2024-244,2017-03-13,Low,Vulnerability summary text,http://link.com,2017
CVE-2025-245,2017-03-17,Critical,Vulnerability summary text,http://link.com,2017
CVE-2026-246,2017-03-20,High,Vulnerability summary text,http://link.com,2017
CVE-2027-247,2017-03-23,High,Vulnerability summary text,http://link.com,2017
CVE-2028-248,2017-03-26,Medium,Vulnerability summary text,http://link.com,2017
CVE-2029-249,2017-03-30,High,Vulnerability summary text,http://link.com,2017
CVE-2020-250,2017-04-02,Low,Vulnerability summary text,http://link.com,2017
CVE-2021-251,2017-04-05,Low,Vulnerability summary text,http://link.com,2017
CVE-2022-252,2017-04-09,Low,Vulnerability summary text,http://link.com,2017
CVE-2023-253,2017-04-12,Low,Vulnerability summary text,http://link.com,2017
CVE-2024-254,2017-04-15,Medium,Vulnerability summary text,http://link.com,2017
CVE-2025-255,2017-04-19,Medium,Vulnerability summary text,http://link.com,2017
CVE-2026-256,2017-04-22,Low,Vulnerability summary text,http://link.com,2017
CVE-2027-257,2017-04-25,High,Vulnerability summary text,http://link.com,2017
CVE-2028-258,2017-04-28,Low,Vulnerability summary text,http://link.com,2017
CVE-2029-259,2017-05-02,Critical,Vulnerability summary text,http://link.com,2017
CVE-2020-260,2017-05-05,Low,Vulnerability summary text,http://link.com,2017
CVE-2021-261,2017-05-08,Medium,Vulnerability summary text,http://link.com,2017
CVE-2022-262,2017-05-12,High,Vulnerability summary text,http://link.com,2017
CVE-2023-263,2017-05-15,Medium,Vulnerability summary text,http://link.com,2017
CVE-2024-264,2017-05-18,Critical,Vulnerability summary text,http://link.com,2017
CVE-2025-265,2017-05-21,High,Vulnerability summary text,http://link.com,2017
CVE-2026-266,2017-05-25,Low,Vulnerability summary text,http://link.com,2017
CVE-2027-267,2017-05-28,Low,Vulnerability summary text,http://link.com,2017
CVE-2028-268,2017-05-31,Critical,Vulnerability summary text,http://link.com,2017
CVE-2029-269,2017-06-04,Critical,Vulnerability summary text,http://link.com,2017
CVE-2020-270,2017-06-07,High,Vulnerability summary text,http://link.com,2017
CVE-2021-271,2017-06-10,High,Vulnerability summary text,http://link.com,2017
CVE-2022-272,2017-06-13,Medium,Vulnerability summary text,http://link.com,2017
CVE-2023-273,2017-06-17,High,Vulnerability summary text,http://link.com,2017
CVE-2024-274,2017-06-20,Medium,Vulnerability summary text,http://link.com,2017
CVE-2025-275,2017-06-23,High,Vulnerability summary text,http://link.com,2017
CVE-2026-276,2017-06-27,Low,Vulnerability summary text,http://link.com,2017
CVE-2027-277,2017-06-30,Medium,Vulnerability summary text,http://link.com,2017
CVE-2028-278,2017-07-03,Critical,Vulnerability summary text,http://link.com,2017
CVE-2029-279,2017-07-06,High,Vulnerability summary text,http://link.com,2017
CVE-2020-280,2017-07-10,High,Vulnerability summary text,http://link.com,2017
CVE-2021-281,2017-07-13,Medium,Vulnerability summary text,http://link.com,2017
CVE-2022-282,2017-07-16,Medium,Vulnerability summary text,http://link.com,2017
CVE-2023-283,2017-07-20,Medium,Vulnerability summary text,http://link.com,2017
CVE-2024-284,2017-07-23,Medium,Vulnerability summary text,http://link.com,2017
CVE-2025-285,2017-07-26,High,Vulnerability summary text,http://link.com,2017
CVE-2026-286,2017-07-30,Medium,Vulnerability summary text,http://link.com,2017
CVE-2027-287,2017-08-02,High,Vulnerability summary text,http://link.com,2017
CVE-2028-288,2017-08-05,Low,Vulnerability summary text,http://link.com,2017
CVE-2029-289,2017-08-08,Low,Vulnerability summary text,http://link.com,2017
CVE-2020-290,2017-08-12,Low,Vulnerability summary text,http://link.com,2017
CVE-2021-291,2017-08-15,Low,Vulnerability summary text,http://link.com,2017
CVE-2022-292,2017-08-18,Critical,Vulnerability summary text,http://link.com,2017
CVE-2023-293,2017-08-22,High,Vulnerability summary text,http://link.com,2017
CVE-2024-294,2017-08-25,Low,Vulnerability summary text,http://link.com,2017
CVE-2025-295,2017-08-28,Low,Vulnerability summary text,http://link.com,2017
CVE-2026-296,2017-08-31,Low,Vulnerability summary text,http://link.com,2017
CVE-2027-297,2017-09-04,High,Vulnerability summary text,http://link.com,2017
CVE-2028-298,2017-09-07,High,Vulnerability summary text,http://link.com,2017
CVE-2029-299,2017-09-10,Medium,Vulnerability summary text,http://link.com,2017
CVE-2020-300,2017-09-14,High,Vulnerability summary text,http://link.com,2017
CVE-2021-301,2017-09-17,High,Vulnerability summary text,http://link.com,2017
CVE-2022-302,2017-09-20,Low,Vulnerability summary text,http://link.com,2017
CVE-2023-303,2017-09-23,Low,Vulnerability summary text,http://link.com,2017
CVE-2024-304,2017-09-27,High,Vulnerability summary text,http://link.com,2017
CVE-2025-305,2017-09-30,Low,Vulnerability summary text,http://link.com,2017
CVE-2026-306,2017-10-03,Low,Vulnerability summary text,http://link.com,2017
CVE-2027-307,2017-10-07,Critical,Vulnerability summary text,http://link.com,2017
CVE-2028-308,2017-10-10,Medium,Vulnerability summary text,http://link.com,2017
CVE-2029-309,2017-10-13,Low,Vulnerability summary text,http://link.com,2017
CVE-2020-310,2017-10-16,High,Vulnerability summary text,http://link.com,2017
CVE-2021-311,2017-10-20,Low,Vulnerability summary text,http://link.com,2017
CVE-2022-312,2017-10-23,Critical,Vulnerability summary text,http://link.com,2017
CVE-2023-313,2017-10-26,High,Vulnerability summary text,http://link.com,2017
CVE-2024-314,2017-10-30,High,Vulnerability summary text,http://link.com,2017
CVE-2025-315,2017-11-02,Medium,Vulnerability summary text,http://link.com,2017
CVE-2026-316,2017-11-05,High,Vulnerability summary text,http://link.com,2017
CVE-2027-317,2017-11-09,Low,Vulnerability summary text,http://link.com,2017
CVE-2028-318,2017-11-12,High,Vulnerability summary text,http://link.com,2017
CVE-2029-319,2017-11-15,Critical,Vulnerability summary text,http://link.com,2017
CVE-2020-320,2017-11-18,High,Vulnerability summary text,http://link.com,2017
CVE-2021-321,2017-11-22,Low,Vulnerability summary text,http://link.com,2017
CVE-2022-322,2017-11-25,Critical,Vulnerability summary text,http://link.com,2017
CVE-2023-323,2017-11-28,Low,Vulnerability summary text,http://link.com,2017
CVE-2024-324,2017-12-02,Critical,Vulnerability summary text,http://link.com,2017
CVE-2025-325,2017-12-05,Low,Vulnerability summary text,http://link.com,2017
CVE-2026-326,2017-12-08,Medium,Vulnerability summary text,http://link.com,2017
CVE-2027-327,2017-12-11,High,Vulnerability summary text,http://link.com,2017
CVE-2028-328,2017-12-15,Low,Vulnerability summary text,http://link.com,2017
CVE-2029-329,2017-12-18,Low,Vulnerability summary text,http://link.com,2017
CVE-2020-330,2017-12-21,High,Vulnerability summary text,http://link.com,2017
CVE-2021-331,2017-12-25,Critical,Vulnerability summary text,http://link.com,2017
CVE-2022-332,2017-12-28,Critical,Vulnerability summary text,http://link.com,2017
CVE-2023-333,2017-12-31,Medium,Vulnerability summary text,http://link.com,2017
CVE-2024-334,2018-01-03,Critical,Vulnerability summary text,http://link.com,2018
CVE-2025-335,2018-01-07,Critical,Vulnerability summary text,http://link.com,2018
CVE-2026-336,2018-01-10,High,Vulnerability summary text,http://link.com,2018
CVE-2027-337,2018-01-13,Critical,Vulnerability summary text,http://link.com,2018
CVE-2028-338,2018-01-17,Critical,Vulnerability summary text,http://link.com,2018
CVE-2029-339,2018-01-20,Medium,Vulnerability summary text,http://link.com,2018
CVE-2020-340,2018-01-23,High,Vulnerability summary text,http://link.com,2018
CVE-2021-341,2018-01-26,Low,Vulnerability summary text,http://link.com,2018
CVE-2022-342,2018-01-30,Low,Vulnerability summary text,http://link.com,2018
CVE-2023-343,2018-02-02,Low,Vulnerability summary text,http://link.com,2018
CVE-2024-344,2018-02-05,Critical,Vulnerability summary text,http://link.com,2018
CVE-2025-345,2018-02-09,Critical,Vulnerability summary text,http://link.com,2018
CVE-2026-346,2018-02-12,Low,Vulnerability summary text,http://link.com,2018
CVE-2027-347,2018-02-15,High,Vulnerability summary text,http://link.com,2018
CVE-2028-348,2018-02-19,High,Vulnerability summary text,http://link.com,2018
CVE-2029-349,2018-02-22,High,Vulnerability summary text,http://link.com,2018
CVE-2020-350,2018-02-25,High,Vulnerability summary text,http://link.com,2018
CVE-2021-351,2018-02-28,Critical,Vulnerability summary text,http://link.com,2018
CVE-2022-352,2018-03-04,Critical,Vulnerability summary text,http://link.com,2018
CVE-2023-353,2018-03-07,Low,Vulnerability summary text,http://link.com,2018
CVE-2024-354,2018-03-10,Critical,Vulnerability summary text,http://link.com,2018
CVE-2025-355,2018-03-14,High,Vulnerability summary text,http://link.com,2018
CVE-2026-356,2018-03-17,Critical,Vulnerability summary text,http://link.com,2018
CVE-2027-357,2018-03-20,Medium,Vulnerability summary text,http://link.com,2018
CVE-2028-358,2018-03-23,Low,Vulnerability summary text,http://link.com,2018
CVE-2029-359,2018-03-27,Critical,Vulnerability summary text,http://link.com,2018
CVE-2020-360,2018-03-30,Medium,Vulnerability summary text,http://link.com,2018
CVE-2021-361,2018-04-02,Medium,Vulnerability summary text,http://link.com,2018
CVE-2022-362,2018-04-06,Medium,Vulnerability summary text,http://link.com,2018
CVE-2023-363,2018-04-09,Low,Vulnerability summary text,http://link.com,2018
CVE-2024-364,2018-04-12,Medium,Vulnerability summary text,http://link.com,2018
CVE-2025-365,2018-04-15,Low,Vulnerability summary text,http://link.com,2018
CVE-2026-366,2018-04-19,Critical,Vulnerability summary text,http://link.com,2018
CVE-2027-367,2018-04-22,Critical,Vulnerability summary text,http://link.com,2018
CVE-2028-368,2018-04-25,Medium,Vulnerability summary text,http://link.com,2018
CVE-2029-369,2018-04-29,Medium,Vulnerability summary text,http://link.com,2018
CVE-2020-370,2018-05-02,Critical,Vulnerability summary text,http://link.com,2018
CVE-2021-371,2018-05-05,Critical,Vulnerability summary text,http://link.com,2018
CVE-2022-372,2018-05-08,Medium,Vulnerability summary text,http://link.com,2018
CVE-2023-373,2018-05-12,Medium,Vulnerability summary text,http://link.com,2018
CVE-2024-374,2018-05-15,Critical,Vulnerability summary text,http://link.com,2018
CVE-2025-375,2018-05-18,Critical,Vulnerability summary text,http://link.com,2018
CVE-2026-376,2018-05-22,Critical,Vulnerability summary text,http://link.com,2018
CVE-2027-377,2018-05-25,Medium,Vulnerability summary text,http://link.com,2018
CVE-2028-378,2018-05-28,Critical,Vulnerability summary text,http://link.com,2018
CVE-2029-379,2018-06-01,High,Vulnerability summary text,http://link.com,2018
CVE-2020-380,2018-06-04,Medium,Vulnerability summary text,http://link.com,2018
CVE-2021-381,2018-06-07,Low,Vulnerability summary text,http://link.com,2018
CVE-2022-382,2018-06-10,Low,Vulnerability summary text,http://link.com,2018
CVE-2023-383,2018-06-14,Low,Vulnerability summary text,http://link.com,2018
CVE-2024-384,2018-06-17,High,Vulnerability summary text,http://link.com,2018
CVE-2025-385,2018-06-20,Critical,Vulnerability summary text,http://link.com,2018
CVE-2026-386,2018-06-24,Medium,Vulnerability summary text,http://link.com,2018
CVE-2027-387,2018-06-27,Critical,Vulnerability summary text,http://link.com,2018
CVE-2028-388,2018-06-30,Low,Vulnerability summary text,http://link.com,2018
CVE-2029-389,2018-07-03,Medium,Vulnerability summary text,http://link.com,2018
CVE-2020-390,2018-07-07,High,Vulnerability summary text,http://link.com,2018
CVE-2021-391,2018-07-10,High,Vulnerability summary text,http://link.com,2018
CVE-2022-392,2018-07-13,Low,Vulnerability summary text,http://link.com,2018
CVE-2023-393,2018-07-17,Critical,Vulnerability summary text,http://link.com,2018
CVE-2024-394,2018-07-20,Low,Vulnerability summary text,http://link.com,2018
CVE-2025-395,2018-07-23,Medium,Vulnerability summary text,http://link.com,2018
CVE-2026-396,2018-07-26,Medium,Vulnerability summary text,http://link.com,2018
CVE-2027-397,2018-07-30,High,Vulnerability summary text,http://link.com,2018
CVE-2028-398,2018-08-02,Critical,Vulnerability summary text,http://link.com,2018
CVE-2029-399,2018-08-05,Medium,Vulnerability summary text,http://link.com,2018
CVE-2020-400,2018-08-09,Low,Vulnerability summary text,http://link.com,2018
CVE-2021-401,2018-08-12,High,Vulnerability summary text,http://link.com,2018
CVE-2022-402,2018-08-15,Low,Vulnerability summary text,http://link.com,2018
CVE-2023-403,2018-08-18,Medium,Vulnerability summary text,http://link.com,2018
CVE-2024-404,2018-08-22,Low,Vulnerability summary text,http://link.com,2018
CVE-2025-405,2018-08-25,High,Vulnerability summary text,http://link.com,2018
CVE-2026-406,2018-08-28,Critical,Vulnerability summary text,http://link.com,2018
CVE-2027-407,2018-09-01,Critical,Vulnerability summary text,http://link.com,2018
CVE-2028-408,2018-09-04,Critical,Vulnerability summary text,http://link.com,2018
CVE-2029-409,2018-09-07,Low,Vulnerability summary text,http://link.com,2018
CVE-2020-410,2018-09-11,Critical,Vulnerability summary text,http://link.com,2018
CVE-2021-411,2018-09-14,Low,Vulnerability summary text,http://link.com,2018
CVE-2022-412,2018-09-17,High,Vulnerability summary text,http://link.com,2018
CVE-2023-413,2018-09-20,Critical,Vulnerability summary text,http://link.com,2018
CVE-2024-414,2018-09-24,Medium,Vulnerability summary text,http://link.com,2018
CVE-2025-415,2018-09-27,Critical,Vulnerability summary text,http://link.com,2018
CVE-2026-416,2018-09-30,Medium,Vulnerability summary text,http://link.com,2018
CVE-2027-417,2018-10-04,Critical,Vulnerability summary text,http://link.com,2018
CVE-2028-418,2018-10-07,Critical,Vulnerability summary text,http://link.com,2018
CVE-2029-419,2018-10-10,Critical,Vulnerability summary text,http://link.com,2018
CVE-2020-420,2018-10-13,Critical,Vulnerability summary text,http://link.com,2018
CVE-2021-421,2018-10-17,Critical,Vulnerability summary text,http://link.com,2018
CVE-2022-422,2018-10-20,Critical,Vulnerability summary text,http://link.com,2018
CVE-2023-423,2018-10-23,Medium,Vulnerability summary text,http://link.com,2018
CVE-2024-424,2018-10-27,Low,Vulnerability summary text,http://link.com,2018
CVE-2025-425,2018-10-30,Low,Vulnerability summary text,http://link.com,2018
CVE-2026-426,2018-11-02,Critical,Vulnerability summary text,http://link.com,2018
CVE-2027-427,2018-11-05,High,Vulnerability summary text,http://link.com,2018
CVE-2028-428,2018-11-09,Medium,Vulnerability summary text,http://link.com,2018
CVE-2029-429,2018-11-12,Medium,Vulnerability summary text,http://link.com,2018
CVE-2020-430,2018-11-15,High,Vulnerability summary text,http://link.com,2018
CVE-2021-431,2018-11-19,Low,Vulnerability summary text,http://link.com,2018
CVE-2022-432,2018-11-22,Low,Vulnerability summary text,http://link.com,2018
CVE-2023-433,2018-11-25,High,Vulnerability summary text,http://link.com,2018
CVE-2024-434,2018-11-28,Medium,Vulnerability summary text,http://link.com,2018
CVE-2025-435,2018-12-02,Low,Vulnerability summary text,http://link.com,2018
CVE-2026-436,2018-12-05,High,Vulnerability summary text,http://link.com,2018
CVE-2027-437,2018-12-08,Low,Vulnerability summary text,http://link.com,2018
CVE-2028-438,2018-12-12,Critical,Vulnerability summary text,http://link.com,2018
CVE-2029-439,2018-12-15,Medium,Vulnerability summary text,http://link.com,2018
CVE-2020-440,2018-12-18,Critical,Vulnerability summary text,http://link.com,2018
CVE-2021-441,2018-12-22,Low,Vulnerability summary text,http://link.com,2018
CVE-2022-442,2018-12-25,Low,Vulnerability summary text,http://link.com,2018
CVE-2023-443,2018-12-28,High,Vulnerability summary text,http://link.com,2018
CVE-2024-444,2018-12-31,High,Vulnerability summary text,http://link.com,2018
CVE-2025-445,2019-01-04,High,Vulnerability summary text,http://link.com,2019
CVE-2026-446,2019-01-07,Critical,Vulnerability summary text,http://link.com,2019
CVE-2027-447,2019-01-10,Critical,Vulnerability summary text,http://link.com,2019
CVE-2028-448,2019-01-14,Critical,Vulnerability summary text,http://link.com,2019
CVE-2029-449,2019-01-17,High,Vulnerability summary text,http://link.com,2019
CVE-2020-450,2019-01-20,High,Vulnerability summary text,http://link.com,2019
CVE-2021-451,2019-01-23,Medium,Vulnerability summary text,http://link.com,2019
CVE-2022-452,2019-01-27,Critical,Vulnerability summary text,http://link.com,2019
CVE-2023-453,2019-01-30,Medium,Vulnerability summary text,http://link.com,2019
CVE-2024-454,2019-02-02,High,Vulnerability summary text,http://link.com,2019
CVE-2025-455,2019-02-06,High,Vulnerability summary text,http://link.com,2019
CVE-2026-456,2019-02-09,Medium,Vulnerability summary text,http://link.com,2019
CVE-2027-457,2019-02-12,Critical,Vulnerability summary text,http://link.com,2019
CVE-2028-458,2019-02-15,Critical,Vulnerability summary text,http://link.com,2019
CVE-2029-459,2019-02-19,Medium,Vulnerability summary text,http://link.com,2019
CVE-2020-460,2019-02-22,Medium,Vulnerability summary text,http://link.com,2019
CVE-2021-461,2019-02-25,High,Vulnerability summary text,http://link.com,2019
CVE-2022-462,2019-03-01,Low,Vulnerability summary text,http://link.com,2019
CVE-2023-463,2019-03-04,Medium,Vulnerability summary text,http://link.com,2019
CVE-2024-464,2019-03-07,Critical,Vulnerability summary text,http://link.com,2019
CVE-2025-465,2019-03-10,Critical,Vulnerability summary text,http://link.com,2019
CVE-2026-466,2019-03-14,Medium,Vulnerability summary text,http://link.com,2019
CVE-2027-467,2019-03-17,Medium,Vulnerability summary text,http://link.com,2019
CVE-2028-468,2019-03-20,High,Vulnerability summary text,http://link.com,2019
CVE-2029-469,2019-03-24,Low,Vulnerability summary text,http://link.com,2019
CVE-2020-470,2019-03-27,Low,Vulnerability summary text,http://link.com,2019
CVE-2021-471,2019-03-30,Critical,Vulnerability summary text,http://link.com,2019
CVE-2022-472,2019-04-03,Low,Vulnerability summary text,http://link.com,2019
CVE-2023-473,2019-04-06,Critical,Vulnerability summary text,http://link.com,2019
CVE-2024-474,2019-04-09,Critical,Vulnerability summary text,http://link.com,2019
CVE-2025-475,2019-04-12,High,Vulnerability summary text,http://link.com,2019
CVE-2026-476,2019-04-16,High,Vulnerability summary text,http://link.com,2019
CVE-2027-477,2019-04-19,Medium,Vulnerability summary text,http://link.com,2019
CVE-2028-478,2019-04-22,Critical,Vulnerability summary text,http://link.com,2019
CVE-2029-479,2019-04-26,Critical,Vulnerability summary text,http://link.com,2019
CVE-2020-480,2019-04-29,Low,Vulnerability summary text,http://link.com,2019
CVE-2021-481,2019-05-02,High,Vulnerability summary text,http://link.com,2019
CVE-2022-482,2019-05-05,Critical,Vulnerability summary text,http://link.com,2019
CVE-2023-483,2019-05-09,Critical,Vulnerability summary text,http://link.com,2019
CVE-2024-484,2019-05-12,Critical,Vulnerability summary text,http://link.com,2019
CVE-2025-485,2019-05-15,Low,Vulnerability summary text,http://link.com,2019
CVE-2026-486,2019-05-19,Low,Vulnerability summary text,http://link.com,2019
CVE-2027-487,2019-05-22,High,Vulnerability summary text,http://link.com,2019
CVE-2028-488,2019-05-25,Low,Vulnerability summary text,http://link.com,2019
CVE-2029-489,2019-05-28,Critical,Vulnerability summary text,http://link.com,2019
CVE-2020-490,2019-06-01,Critical,Vulnerability summary text,http://link.com,2019
CVE-2021-491,2019-06-04,Critical,Vulnerability summary text,http://link.com,2019
CVE-2022-492,2019-06-07,Medium,Vulnerability summary text,http://link.com,2019
CVE-2023-493,2019-06-11,Low,Vulnerability summary text,http://link.com,2019
CVE-2024-494,2019-06-14,High,Vulnerability summary text,http://link.com,2019
CVE-2025-495,2019-06-17,Low,Vulnerability summary text,http://link.com,2019
CVE-2026-496,2019-06-20,Medium,Vulnerability summary text,http://link.com,2019
CVE-2027-497,2019-06-24,Low,Vulnerability summary text,http://link.com,2019
CVE-2028-498,2019-06-27,Medium,Vulnerability summary text,http://link.com,2019
CVE-2029-499,2019-06-30,High,Vulnerability summary text,http://link.com,2019
CVE-2020-500,2019-07-04,Critical,Vulnerability summary text,http://link.com,2019
CVE-2021-501,2019-07-07,Medium,Vulnerability summary text,http://link.com,2019
CVE-2022-502,2019-07-10,Low,Vulnerability summary text,http://link.com,2019
CVE-2023-503,2019-07-14,Low,Vulnerability summary text,http://link.com,2019
CVE-2024-504,2019-07-17,Critical,Vulnerability summary text,http://link.com,2019
CVE-2025-505,2019-07-20,Low,Vulnerability summary text,http://link.com,2019
CVE-2026-506,2019-07-23,Medium,Vulnerability summary text,http://link.com,2019
CVE-2027-507,2019-07-27,Medium,Vulnerability summary text,http://link.com,2019
CVE-2028-508,2019-07-30,High,Vulnerability summary text,http://link.com,2019
CVE-2029-509,2019-08-02,Medium,Vulnerability summary text,http://link.com,2019
CVE-2020-510,2019-08-06,High,Vulnerability summary text,http://link.com,2019
CVE-2021-511,2019-08-09,High,Vulnerability summary text,http://link.com,2019
CVE-2022-512,2019-08-12,Critical,Vulnerability summary text,http://link.com,2019
CVE-2023-513,2019-08-15,Medium,Vulnerability summary text,http://link.com,2019
CVE-2024-514,2019-08-19,High,Vulnerability summary text,http://link.com,2019
CVE-2025-515,2019-08-22,Low,Vulnerability summary text,http://link.com,2019
CVE-2026-516,2019-08-25,Medium,Vulnerability summary text,http://link.com,2019
CVE-2027-517,2019-08-29,Medium,Vulnerability summary text,http://link.com,2019
CVE-2028-518,2019-09-01,Critical,Vulnerability summary text,http://link.com,2019
CVE-2029-519,2019-09-04,Critical,Vulnerability summary text,http://link.com,2019
CVE-2020-520,2019-09-07,Low,Vulnerability summary text,http://link.com,2019
CVE-2021-521,2019-09-11,Medium,Vulnerability summary text,http://link.com,2019
CVE-2022-522,2019-09-14,Low,Vulnerability summary text,http://link.com,2019
CVE-2023-523,2019-09-17,Critical,Vulnerability summary text,http://link.com,2019
CVE-2024-524,2019-09-21,High,Vulnerability summary text,http://link.com,2019
CVE-2025-525,2019-09-24,High,Vulnerability summary text,http://link.com,2019
CVE-2026-526,2019-09-27,High,Vulnerability summary text,http://link.com,2019
CVE-2027-527,2019-09-30,High,Vulnerability summary text,http://link.com,2019
CVE-2028-528,2019-10-04,Critical,Vulnerability summary text,http://link.com,2019
CVE-2029-529,2019-10-07,Critical,Vulnerability summary text,http://link.com,2019
CVE-2020-530,2019-10-10,Critical,Vulnerability summary text,http://link.com,2019
CVE-2021-531,2019-10-14,High,Vulnerability summary text,http://link.com,2019
CVE-2022-532,2019-10-17,High,Vulnerability summary text,http://link.com,2019
CVE-2023-533,2019-10-20,Low,Vulnerability summary text,http://link.com,2019
CVE-2024-534,2019-10-24,Medium,Vulnerability summary text,http://link.com,2019
CVE-2025-535,2019-10-27,High,Vulnerability summary text,http://link.com,2019
CVE-2026-536,2019-10-30,Medium,Vulnerability summary text,http://link.com,2019
CVE-2027-537,2019-11-02,Medium,Vulnerability summary text,http://link.com,2019
CVE-2028-538,2019-11-06,Critical,Vulnerability summary text,http://link.com,2019
CVE-2029-539,2019-11-09,Low,Vulnerability summary text,http://link.com,2019
CVE-2020-540,2019-11-12,Medium,Vulnerability summary text,http://link.com,2019
CVE-2021-541,2019-11-16,Critical,Vulnerability summary text,http://link.com,2019
CVE-2022-542,2019-11-19,Medium,Vulnerability summary text,http://link.com,2019
CVE-2023-543,2019-11-22,Low,Vulnerability summary text,http://link.com,2019
CVE-2024-544,2019-11-25,Low,Vulnerability summary text,http://link.com,2019
CVE-2025-545,2019-11-29,Medium,Vulnerability summary text,http://link.com,2019
CVE-2026-546,2019-12-02,High,Vulnerability summary text,http://link.com,2019
CVE-2027-547,2019-12-05,High,Vulnerability summary text,http://link.com,2019
CVE-2028-548,2019-12-09,Low,Vulnerability summary text,http://link.com,2019
CVE-2029-549,2019-12-12,Medium,Vulnerability summary text,http://link.com,2019
CVE-2020-550,2019-12-15,High,Vulnerability summary text,http://link.com,2019
CVE-2021-551,2019-12-18,Medium,Vulnerability summary text,http://link.com,2019
CVE-2022-552,2019-12-22,Medium,Vulnerability summary text,http://link.com,2019
CVE-2023-553,2019-12-25,Low,Vulnerability summary text,http://link.com,2019
CVE-2024-554,2019-12-28,Low,Vulnerability summary text,http://link.com,2019
CVE-2025-555,2020-01-01,Critical,Vulnerability summary text,http://link.com,2020
CVE-2026-556,2020-01-04,Critical,Vulnerability summary text,http://link.com,2020
CVE-2027-557,2020-01-07,Medium,Vulnerability summary text,http://link.com,2020
CVE-2028-558,2020-01-10,Low,Vulnerability summary text,http://link.com,2020
CVE-2029-559,2020-01-14,Critical,Vulnerability summary text,http://link.com,2020
CVE-2020-560,2020-01-17,High,Vulnerability summary text,http://link.com,2020
CVE-2021-561,2020-01-20,High,Vulnerability summary text,http://link.com,2020
CVE-2022-562,2020-01-24,Critical,Vulnerability summary text,http://link.com,2020
CVE-2023-563,2020-01-27,Critical,Vulnerability summary text,http://link.com,2020
CVE-2024-564,2020-01-30,Low,Vulnerability summary text,http://link.com,2020
CVE-2025-565,2020-02-03,High,Vulnerability summary text,http://link.com,2020
CVE-2026-566,2020-02-06,High,Vulnerability summary text,http://link.com,2020
CVE-2027-567,2020-02-09,Low,Vulnerability summary text,http://link.com,2020
CVE-2028-568,2020-02-12,Medium,Vulnerability summary text,http://link.com,2020
CVE-2029-569,2020-02-16,Critical,Vulnerability summary text,http://link.com,2020
CVE-2020-570,2020-02-19,Critical,Vulnerability summary text,http://link.com,2020
CVE-2021-571,2020-02-22,Medium,Vulnerability summary text,http://link.com,2020
CVE-2022-572,2020-02-26,Medium,Vulnerability summary text,http://link.com,2020
CVE-2023-573,2020-02-29,High,Vulnerability summary text,http://link.com,2020
CVE-2024-574,2020-03-03,High,Vulnerability summary text,http://link.com,2020
CVE-2025-575,2020-03-06,Low,Vulnerability summary text,http://link.com,2020
CVE-2026-576,2020-03-10,Medium,Vulnerability summary text,http://link.com,2020
CVE-2027-577,2020-03-13,High,Vulnerability summary text,http://link.com,2020
CVE-2028-578,2020-03-16,Low,Vulnerability summary text,http://link.com,2020
CVE-2029-579,2020-03-20,High,Vulnerability summary text,http://link.com,2020
CVE-2020-580,2020-03-23,Medium,Vulnerability summary text,http://link.com,2020
CVE-2021-581,2020-03-26,Critical,Vulnerability summary text,http://link.com,2020
CVE-2022-582,2020-03-29,Critical,Vulnerability summary text,http://link.com,2020
CVE-2023-583,2020-04-02,Medium,Vulnerability summary text,http://link.com,2020
CVE-2024-584,2020-04-05,Medium,Vulnerability summary text,http://link.com,2020
CVE-2025-585,2020-04-08,Critical,Vulnerability summary text,http://link.com,2020
CVE-2026-586,2020-04-12,Critical,Vulnerability summary text,http://link.com,2020
CVE-2027-587,2020-04-15,Critical,Vulnerability summary text,http://link.com,2020
CVE-2028-588,2020-04-18,High,Vulnerability summary text,http://link.com,2020
CVE-2029-589,2020-04-21,Low,Vulnerability summary text,http://link.com,2020
CVE-2020-590,2020-04-25,Critical,Vulnerability summary text,http://link.com,2020
CVE-2021-591,2020-04-28,Medium,Vulnerability summary text,http://link.com,2020
CVE-2022-592,2020-05-01,High,Vulnerability summary text,http://link.com,2020
CVE-2023-593,2020-05-05,High,Vulnerability summary text,http://link.com,2020
CVE-2024-594,2020-05-08,Low,Vulnerability summary text,http://link.com,2020
CVE-2025-595,2020-05-11,High,Vulnerability summary text,http://link.com,2020
CVE-2026-596,2020-05-15,High,Vulnerability summary text,http://link.com,2020
CVE-2027-597,2020-05-18,Medium,Vulnerability summary text,http://link.com,2020
CVE-2028-598,2020-05-21,Critical,Vulnerability summary text,http://link.com,2020
CVE-2029-599,2020-05-24,Critical,Vulnerability summary text,http://link.com,2020
CVE-2020-600,2020-05-28,Medium,Vulnerability summary text,http://link.com,2020
CVE-2021-601,2020-05-31,Low,Vulnerability summary text,http://link.com,2020
CVE-2022-602,2020-06-03,Low,Vulnerability summary text,http://link.com,2020
CVE-2023-603,2020-06-07,High,Vulnerability summary text,http://link.com,2020
CVE-2024-604,2020-06-10,Medium,Vulnerability summary text,http://link.com,2020
CVE-2025-605,2020-06-13,Critical,Vulnerability summary text,http://link.com,2020
CVE-2026-606,2020-06-16,Critical,Vulnerability summary text,http://link.com,2020
CVE-2027-607,2020-06-20,High,Vulnerability summary text,http://link.com,2020
CVE-2028-608,2020-06-23,Low,Vulnerability summary text,http://link.com,2020
CVE-2029-609,2020-06-26,Medium,Vulnerability summary text,http://link.com,2020
CVE-2020-610,2020-06-30,Low,Vulnerability summary text,http://link.com,2020
CVE-2021-611,2020-07-03,Medium,Vulnerability summary text,http://link.com,2020
CVE-2022-612,2020-07-06,Medium,Vulnerability summary text,http://link.com,2020
CVE-2023-613,2020-07-09,Medium,Vulnerability summary text,http://link.com,2020
CVE-2024-614,2020-07-13,High,Vulnerability summary text,http://link.com,2020
CVE-2025-615,2020-07-16,Medium,Vulnerability summary text,http://link.com,2020
CVE-2026-616,2020-07-19,High,Vulnerability summary text,http://link.com,2020
CVE-2027-617,2020-07-23,High,Vulnerability summary text,http://link.com,2020
CVE-2028-618,2020-07-26,High,Vulnerability summary text,http://link.com,2020
CVE-2029-619,2020-07-29,High,Vulnerability summary text,http://link.com,2020
CVE-2020-620,2020-08-01,Low,Vulnerability summary text,http://link.com,2020
CVE-2021-621,2020-08-05,Low,Vulnerability summary text,http://link.com,2020
CVE-2022-622,2020-08-08,Critical,Vulnerability summary text,http://link.com,2020
CVE-2023-623,2020-08-11,Medium,Vulnerability summary text,http://link.com,2020
CVE-2024-624,2020-08-15,High,Vulnerability summary text,http://link.com,2020
CVE-2025-625,2020-08-18,Low,Vulnerability summary text,http://link.com,2020
CVE-2026-626,2020-08-21,Medium,Vulnerability summary text,http://link.com,2020
CVE-2027-627,2020-08-25,High,Vulnerability summary text,http://link.com,2020
CVE-2028-628,2020-08-28,Critical,Vulnerability summary text,http://link.com,2020
CVE-2029-629,2020-08-31,Low,Vulnerability summary text,http://link.com,2020
CVE-2020-630,2020-09-03,Low,Vulnerability summary text,http://link.com,2020
CVE-2021-631,2020-09-07,Critical,Vulnerability summary text,http://link.com,2020
CVE-2022-632,2020-09-10,Critical,Vulnerability summary text,http://link.com,2020
CVE-2023-633,2020-09-13,High,Vulnerability summary text,http://link.com,2020
CVE-2024-634,2020-09-17,Medium,Vulnerability summary text,http://link.com,2020
CVE-2025-635,2020-09-20,High,Vulnerability summary text,http://link.com,2020
CVE-2026-636,2020-09-23,Critical,Vulnerability summary text,http://link.com,2020
CVE-2027-637,2020-09-26,Critical,Vulnerability summary text,http://link.com,2020
CVE-2028-638,2020-09-30,High,Vulnerability summary text,http://link.com,2020
CVE-2029-639,2020-10-03,High,Vulnerability summary text,http://link.com,2020
CVE-2020-640,2020-10-06,High,Vulnerability summary text,http://link.com,2020
CVE-2021-641,2020-10-10,High,Vulnerability summary text,http://link.com,2020
CVE-2022-642,2020-10-13,Medium,Vulnerability summary text,http://link.com,2020
CVE-2023-643,2020-10-16,Critical,Vulnerability summary text,http://link.com,2020
CVE-2024-644,2020-10-19,High,Vulnerability summary text,http://link.com,2020
CVE-2025-645,2020-10-23,High,Vulnerability summary text,http://link.com,2020
CVE-2026-646,2020-10-26,Medium,Vulnerability summary text,http://link.com,2020
CVE-2027-647,2020-10-29,Medium,Vulnerability summary text,http://link.com,2020
CVE-2028-648,2020-11-02,High,Vulnerability summary text,http://link.com,2020
CVE-2029-649,2020-11-05,High,Vulnerability summary text,http://link.com,2020
CVE-2020-650,2020-11-08,High,Vulnerability summary text,http://link.com,2020
CVE-2021-651,2020-11-11,High,Vulnerability summary text,http://link.com,2020
CVE-2022-652,2020-11-15,Low,Vulnerability summary text,http://link.com,2020
CVE-2023-653,2020-11-18,High,Vulnerability summary text,http://link.com,2020
CVE-2024-654,2020-11-21,High,Vulnerability summary text,http://link.com,2020
CVE-2025-655,2020-11-25,Medium,Vulnerability summary text,http://link.com,2020
CVE-2026-656,2020-11-28,Medium,Vulnerability summary text,http://link.com,2020
CVE-2027-657,2020-12-01,Critical,Vulnerability summary text,http://link.com,2020
CVE-2028-658,2020-12-05,Medium,Vulnerability summary text,http://link.com,2020
CVE-2029-659,2020-12-08,Low,Vulnerability summary text,http://link.com,2020
CVE-2020-660,2020-12-11,Low,Vulnerability summary text,http://link.com,2020
CVE-2021-661,2020-12-14,Low,Vulnerability summary text,http://link.com,2020
CVE-2022-662,2020-12-18,Critical,Vulnerability summary text,http://link.com,2020
CVE-2023-663,2020-12-21,High,Vulnerability summary text,http://link.com,2020
CVE-2024-664,2020-12-24,Low,Vulnerability summary text,http://link.com,2020
CVE-2025-665,2020-12-28,Medium,Vulnerability summary text,http://link.com,2020
CVE-2026-666,2020-12-31,High,Vulnerability summary text,http://link.com,2020
CVE-2027-667,2021-01-03,Medium,Vulnerability summary text,http://link.com,2021
CVE-2028-668,2021-01-06,Low,Vulnerability summary text,http://link.com,2021
CVE-2029-669,2021-01-10,Low,Vulnerability summary text,http://link.com,2021
CVE-2020-670,2021-01-13,Critical,Vulnerability summary text,http://link.com,2021
CVE-2021-671,2021-01-16,Low,Vulnerability summary text,http://link.com,2021
CVE-2022-672,2021-01-20,High,Vulnerability summary text,http://link.com,2021
CVE-2023-673,2021-01-23,Medium,Vulnerability summary text,http://link.com,2021
CVE-2024-674,2021-01-26,Critical,Vulnerability summary text,http://link.com,2021
CVE-2025-675,2021-01-29,Medium,Vulnerability summary text,http://link.com,2021
CVE-2026-676,2021-02-02,Low,Vulnerability summary text,http://link.com,2021
CVE-2027-677,2021-02-05,High,Vulnerability summary text,http://link.com,2021
CVE-2028-678,2021-02-08,Medium,Vulnerability summary text,http://link.com,2021
CVE-2029-679,2021-02-12,High,Vulnerability summary text,http://link.com,2021
CVE-2020-680,2021-02-15,High,Vulnerability summary text,http://link.com,2021
CVE-2021-681,2021-02-18,High,Vulnerability summary text,http://link.com,2021
CVE-2022-682,2021-02-21,Medium,Vulnerability summary text,http://link.com,2021
CVE-2023-683,2021-02-25,Critical,Vulnerability summary text,http://link.com,2021
CVE-2024-684,2021-02-28,Medium,Vulnerability summary text,http://link.com,2021
CVE-2025-685,2021-03-03,High,Vulnerability summary text,http://link.com,2021
CVE-2026-686,2021-03-07,Medium,Vulnerability summary text,http://link.com,2021
CVE-2027-687,2021-03-10,Low,Vulnerability summary text,http://link.com,2021
CVE-2028-688,2021-03-13,Critical,Vulnerability summary text,http://link.com,2021
CVE-2029-689,2021-03-17,High,Vulnerability summary text,http://link.com,2021
CVE-2020-690,2021-03-20,High,Vulnerability summary text,http://link.com,2021
CVE-2021-691,2021-03-23,Critical,Vulnerability summary text,http://link.com,2021
CVE-2022-692,2021-03-26,Medium,Vulnerability summary text,http://link.com,2021
CVE-2023-693,2021-03-30,Medium,Vulnerability summary text,http://link.com,2021
CVE-2024-694,2021-04-02,Medium,Vulnerability summary text,http://link.com,2021
CVE-2025-695,2021-04-05,High,Vulnerability summary text,http://link.com,2021
CVE-2026-696,2021-04-09,Critical,Vulnerability summary text,http://link.com,2021
CVE-2027-697,2021-04-12,High,Vulnerability summary text,http://link.com,2021
CVE-2028-698,2021-04-15,Medium,Vulnerability summary text,http://link.com,2021
CVE-2029-699,2021-04-18,Medium,Vulnerability summary text,http://link.com,2021
CVE-2020-700,2021-04-22,High,Vulnerability summary text,http://link.com,2021
CVE-2021-701,2021-04-25,Low,Vulnerability summary text,http://link.com,2021
CVE-2022-702,2021-04-28,Low,Vulnerability summary text,http://link.com,2021
CVE-2023-703,2021-05-02,Critical,Vulnerability summary text,http://link.com,2021
CVE-2024-704,2021-05-05,Low,Vulnerability summary text,http://link.com,2021
CVE-2025-705,2021-05-08,Medium,Vulnerability summary text,http://link.com,2021
CVE-2026-706,2021-05-11,Low,Vulnerability summary text,http://link.com,2021
CVE-2027-707,2021-05-15,High,Vulnerability summary text,http://link.com,2021
CVE-2028-708,2021-05-18,Low,Vulnerability summary text,http://link.com,2021
CVE-2029-709,2021-05-21,Low,Vulnerability summary text,http://link.com,2021
CVE-2020-710,2021-05-25,Medium,Vulnerability summary text,http://link.com,2021
CVE-2021-711,2021-05-28,High,Vulnerability summary text,http://link.com,2021
CVE-2022-712,2021-05-31,Low,Vulnerability summary text,http://link.com,2021
CVE-2023-713,2021-06-03,High,Vulnerability summary text,http://link.com,2021
CVE-2024-714,2021-06-07,High,Vulnerability summary text,http://link.com,2021
CVE-2025-715,2021-06-10,Medium,Vulnerability summary text,http://link.com,2021
CVE-2026-716,2021-06-13,Medium,Vulnerability summary text,http://link.com,2021
CVE-2027-717,2021-06-17,Low,Vulnerability summary text,http://link.com,2021
CVE-2028-718,2021-06-20,Critical,Vulnerability summary text,http://link.com,2021
CVE-2029-719,2021-06-23,High,Vulnerability summary text,http://link.com,2021
CVE-2020-720,2021-06-27,Low,Vulnerability summary text,http://link.com,2021
CVE-2021-721,2021-06-30,Critical,Vulnerability summary text,http://link.com,2021
CVE-2022-722,2021-07-03,Low,Vulnerability summary text,http://link.com,2021
CVE-2023-723,2021-07-06,Low,Vulnerability summary text,http://link.com,2021
CVE-2024-724,2021-07-10,Medium,Vulnerability summary text,http://link.com,2021
CVE-2025-725,2021-07-13,Medium,Vulnerability summary text,http://link.com,2021
CVE-2026-726,2021-07-16,Medium,Vulnerability summary text,http://link.com,2021
CVE-2027-727,2021-07-20,High,Vulnerability summary text,http://link.com,2021
CVE-2028-728,2021-07-23,Medium,Vulnerability summary text,http://link.com,2021
CVE-2029-729,2021-07-26,Medium,Vulnerability summary text,http://link.com,2021
CVE-2020-730,2021-07-29,Low,Vulnerability summary text,http://link.com,2021
CVE-2021-731,2021-08-02,Medium,Vulnerability summary text,http://link.com,2021
CVE-2022-732,2021-08-05,Low,Vulnerability summary text,http://link.com,2021
CVE-2023-733,2021-08-08,Medium,Vulnerability summary text,http://link.com,2021
CVE-2024-734,2021-08-12,High,Vulnerability summary text,http://link.com,2021
CVE-2025-735,2021-08-15,Low,Vulnerability summary text,http://link.com,2021
CVE-2026-736,2021-08-18,Low,Vulnerability summary text,http://link.com,2021
CVE-2027-737,2021-08-21,Critical,Vulnerability summary text,http://link.com,2021
CVE-2028-738,2021-08-25,Critical,Vulnerability summary text,http://link.com,2021
CVE-2029-739,2021-08-28,Medium,Vulnerability summary text,http://link.com,2021
CVE-2020-740,2021-08-31,Medium,Vulnerability summary text,http://link.com,2021
CVE-2021-741,2021-09-04,Critical,Vulnerability summary text,http://link.com,2021
CVE-2022-742,2021-09-07,Critical,Vulnerability summary text,http://link.com,2021
CVE-2023-743,2021-09-10,Critical,Vulnerability summary text,http://link.com,2021
CVE-2024-744,2021-09-13,High,Vulnerability summary text,http://link.com,2021
CVE-2025-745,2021-09-17,Critical,Vulnerability summary text,http://link.com,2021
CVE-2026-746,2021-09-20,Low,Vulnerability summary text,http://link.com,2021
CVE-2027-747,2021-09-23,Low,Vulnerability summary text,http://link.com,2021
CVE-2028-748,2021-09-27,Medium,Vulnerability summary text,http://link.com,2021
CVE-2029-749,2021-09-30,Low,Vulnerability summary text,http://link.com,2021
CVE-2020-750,2021-10-03,High,Vulnerability summary text,http://link.com,2021
CVE-2021-751,2021-10-07,High,Vulnerability summary text,http://link.com,2021
CVE-2022-752,2021-10-10,High,Vulnerability summary text,http://link.com,2021
CVE-2023-753,2021-10-13,High,Vulnerability summary text,http://link.com,2021
CVE-2024-754,2021-10-16,Critical,Vulnerability summary text,http://link.com,2021
CVE-2025-755,2021-10-20,Medium,Vulnerability summary text,http://link.com,2021
CVE-2026-756,2021-10-23,High,Vulnerability summary text,http://link.com,2021
CVE-2027-757,2021-10-26,Critical,Vulnerability summary text,http://link.com,2021
CVE-2028-758,2021-10-30,High,Vulnerability summary text,http://link.com,2021
CVE-2029-759,2021-11-02,Medium,Vulnerability summary text,http://link.com,2021
CVE-2020-760,2021-11-05,Low,Vulnerability summary text,http://link.com,2021
CVE-2021-761,2021-11-08,Low,Vulnerability summary text,http://link.com,2021
CVE-2022-762,2021-11-12,High,Vulnerability summary text,http://link.com,2021
CVE-2023-763,2021-11-15,Low,Vulnerability summary text,http://link.com,2021
CVE-2024-764,2021-11-18,Critical,Vulnerability summary text,http://link.com,2021
CVE-2025-765,2021-11-22,Critical,Vulnerability summary text,http://link.com,2021
CVE-2026-766,2021-11-25,Low,Vulnerability summary text,http://link.com,2021
CVE-2027-767,2021-11-28,Medium,Vulnerability summary text,http://link.com,2021
CVE-2028-768,2021-12-01,Low,Vulnerability summary text,http://link.com,2021
CVE-2029-769,2021-12-05,High,Vulnerability summary text,http://link.com,2021
CVE-2020-770,2021-12-08,High,Vulnerability summary text,http://link.com,2021
CVE-2021-771,2021-12-11,Critical,Vulnerability summary text,http://link.com,2021
CVE-2022-772,2021-12-15,Low,Vulnerability summary text,http://link.com,2021
CVE-2023-773,2021-12-18,Medium,Vulnerability summary text,http://link.com,2021
CVE-2024-774,2021-12-21,Medium,Vulnerability summary text,http://link.com,2021
CVE-2025-775,2021-12-24,High,Vulnerability summary text,http://link.com,2021
CVE-2026-776,2021-12-28,Critical,Vulnerability summary text,http://link.com,2021
CVE-2027-777,2021-12-31,Low,Vulnerability summary text,http://link.com,2021
CVE-2028-778,2022-01-03,High,Vulnerability summary text,http://link.com,2022
CVE-2029-779,2022-01-07,High,Vulnerability summary text,http://link.com,2022
CVE-2020-780,2022-01-10,Medium,Vulnerability summary text,http://link.com,2022
CVE-2021-781,2022-01-13,Critical,Vulnerability summary text,http://link.com,2022
CVE-2022-782,2022-01-17,High,Vulnerability summary text,http://link.com,2022
CVE-2023-783,2022-01-20,Critical,Vulnerability summary text,http://link.com,2022
CVE-2024-784,2022-01-23,High,Vulnerability summary text,http://link.com,2022
CVE-2025-785,2022-01-26,Medium,Vulnerability summary text,http://link.com,2022
CVE-2026-786,2022-01-30,Low,Vulnerability summary text,http://link.com,2022
CVE-2027-787,2022-02-02,Critical,Vulnerability summary text,http://link.com,2022
CVE-2028-788,2022-02-05,Critical,Vulnerability summary text,http://link.com,2022
CVE-2029-789,2022-02-09,High,Vulnerability summary text,http://link.com,2022
CVE-2020-790,2022-02-12,Critical,Vulnerability summary text,http://link.com,2022
CVE-2021-791,2022-02-15,High,Vulnerability summary text,http://link.com,2022
CVE-2022-792,2022-02-18,Medium,Vulnerability summary text,http://link.com,2022
CVE-2023-793,2022-02-22,High,Vulnerability summary text,http://link.com,2022
CVE-2024-794,2022-02-25,Critical,Vulnerability summary text,http://link.com,2022
CVE-2025-795,2022-02-28,Low,Vulnerability summary text,http://link.com,2022
CVE-2026-796,2022-03-04,Low,Vulnerability summary text,http://link.com,2022
CVE-2027-797,2022-03-07,Low,Vulnerability summary text,http://link.com,2022
CVE-2028-798,2022-03-10,Low,Vulnerability summary text,http://link.com,2022
CVE-2029-799,2022-03-13,High,Vulnerability summary text,http://link.com,2022
CVE-2020-800,2022-03-17,High,Vulnerability summary text,http://link.com,2022
CVE-2021-801,2022-03-20,High,Vulnerability summary text,http://link.com,2022
CVE-2022-802,2022-03-23,High,Vulnerability summary text,http://link.com,2022
CVE-2023-803,2022-03-27,Critical,Vulnerability summary text,http://link.com,2022
CVE-2024-804,2022-03-30,Critical,Vulnerability summary text,http://link.com,2022
CVE-2025-805,2022-04-02,Low,Vulnerability summary text,http://link.com,2022
CVE-2026-806,2022-04-05,Low,Vulnerability summary text,http://link.com,2022
CVE-2027-807,2022-04-09,Low,Vulnerability summary text,http://link.com,2022
CVE-2028-808,2022-04-12,Low,Vulnerability summary text,http://link.com,2022
CVE-2029-809,2022-04-15,Medium,Vulnerability summary text,http://link.com,2022
CVE-2020-810,2022-04-19,Low,Vulnerability summary text,http://link.com,2022
CVE-2021-811,2022-04-22,High,Vulnerability summary text,http://link.com,2022
CVE-2022-812,2022-04-25,Low,Vulnerability summary text,http://link.com,2022
CVE-2023-813,2022-04-29,High,Vulnerability summary text,http://link.com,2022
CVE-2024-814,2022-05-02,Low,Vulnerability summary text,http://link.com,2022
CVE-2025-815,2022-05-05,Medium,Vulnerability summary text,http://link.com,2022
CVE-2026-816,2022-05-08,Medium,Vulnerability summary text,http://link.com,2022
CVE-2027-817,2022-05-12,Low,Vulnerability summary text,http://link.com,2022
CVE-2028-818,2022-05-15,High,Vulnerability summary text,http://link.com,2022
CVE-2029-819,2022-05-18,Medium,Vulnerability summary text,http://link.com,2022
CVE-2020-820,2022-05-22,Medium,Vulnerability summary text,http://link.com,2022
CVE-2021-821,2022-05-25,Medium,Vulnerability summary text,http://link.com,2022
CVE-2022-822,2022-05-28,High,Vulnerability summary text,http://link.com,2022
CVE-2023-823,2022-05-31,Critical,Vulnerability summary text,http://link.com,2022
CVE-2024-824,2022-06-04,High,Vulnerability summary text,http://link.com,2022
CVE-2025-825,2022-06-07,Low,Vulnerability summary text,http://link.com,2022
CVE-2026-826,2022-06-10,Medium,Vulnerability summary text,http://link.com,2022
CVE-2027-827,2022-06-14,High,Vulnerability summary text,http://link.com,2022
CVE-2028-828,2022-06-17,High,Vulnerability summary text,http://link.com,2022
CVE-2029-829,2022-06-20,Critical,Vulnerability summary text,http://link.com,2022
CVE-2020-830,2022-06-23,Medium,Vulnerability summary text,http://link.com,2022
CVE-2021-831,2022-06-27,Medium,Vulnerability summary text,http://link.com,2022
CVE-2022-832,2022-06-30,Low,Vulnerability summary text,http://link.com,2022
CVE-2023-833,2022-07-03,Low,Vulnerability summary text,http://link.com,2022
CVE-2024-834,2022-07-07,Critical,Vulnerability summary text,http://link.com,2022
CVE-2025-835,2022-07-10,Medium,Vulnerability summary text,http://link.com,2022
CVE-2026-836,2022-07-13,Low,Vulnerability summary text,http://link.com,2022
CVE-2027-837,2022-07-16,High,Vulnerability summary text,http://link.com,2022
CVE-2028-838,2022-07-20,Low,Vulnerability summary text,http://link.com,2022
CVE-2029-839,2022-07-23,High,Vulnerability summary text,http://link.com,2022
CVE-2020-840,2022-07-26,Critical,Vulnerability summary text,http://link.com,2022
CVE-2021-841,2022-07-30,Medium,Vulnerability summary text,http://link.com,2022
CVE-2022-842,2022-08-02,Critical,Vulnerability summary text,http://link.com,2022
CVE-2023-843,2022-08-05,High,Vulnerability summary text,http://link.com,2022
CVE-2024-844,2022-08-09,Critical,Vulnerability summary text,http://link.com,2022
CVE-2025-845,2022-08-12,High,Vulnerability summary text,http://link.com,2022
CVE-2026-846,2022-08-15,High,Vulnerability summary text,http://link.com,2022
CVE-2027-847,2022-08-18,Medium,Vulnerability summary text,http://link.com,2022
CVE-2028-848,2022-08-22,Low,Vulnerability summary text,http://link.com,2022
CVE-2029-849,2022-08-25,Critical,Vulnerability summary text,http://link.com,2022
CVE-2020-850,2022-08-28,Low,Vulnerability summary text,http://link.com,2022
CVE-2021-851,2022-09-01,Low,Vulnerability summary text,http://link.com,2022
CVE-2022-852,2022-09-04,Critical,Vulnerability summary text,http://link.com,2022
CVE-2023-853,2022-09-07,High,Vulnerability summary text,http://link.com,2022
CVE-2024-854,2022-09-10,Medium,Vulnerability summary text,http://link.com,2022
CVE-2025-855,2022-09-14,Critical,Vulnerability summary text,http://link.com,2022
CVE-2026-856,2022-09-17,High,Vulnerability summary text,http://link.com,2022
CVE-2027-857,2022-09-20,Medium,Vulnerability summary text,http://link.com,2022
CVE-2028-858,2022-09-24,Critical,Vulnerability summary text,http://link.com,2022
CVE-2029-859,2022-09-27,Low,Vulnerability summary text,http://link.com,2022
CVE-2020-860,2022-09-30,Low,Vulnerability summary text,http://link.com,2022
CVE-2021-861,2022-10-03,High,Vulnerability summary text,http://link.com,2022
CVE-2022-862,2022-10-07,High,Vulnerability summary text,http://link.com,2022
CVE-2023-863,2022-10-10,Medium,Vulnerability summary text,http://link.com,2022
CVE-2024-864,2022-10-13,Low,Vulnerability summary text,http://link.com,2022
CVE-2025-865,2022-10-17,Critical,Vulnerability summary text,http://link.com,2022
CVE-2026-866,2022-10-20,High,Vulnerability summary text,http://link.com,2022
CVE-2027-867,2022-10-23,Low,Vulnerability summary text,http://link.com,2022
CVE-2028-868,2022-10-26,High,Vulnerability summary text,http://link.com,2022
CVE-2029-869,2022-10-30,High,Vulnerability summary text,http://link.com,2022
CVE-2020-870,2022-11-02,High,Vulnerability summary text,http://link.com,2022
CVE-2021-871,2022-11-05,Critical,Vulnerability summary text,http://link.com,2022
CVE-2022-872,2022-11-09,Medium,Vulnerability summary text,http://link.com,2022
CVE-2023-873,2022-11-12,Critical,Vulnerability summary text,http://link.com,2022
CVE-2024-874,2022-11-15,Low,Vulnerability summary text,http://link.com,2022
CVE-2025-875,2022-11-19,Low,Vulnerability summary text,http://link.com,2022
CVE-2026-876,2022-11-22,Low,Vulnerability summary text,http://link.com,2022
CVE-2027-877,2022-11-25,High,Vulnerability summary text,http://link.com,2022
CVE-2028-878,2022-11-28,Low,Vulnerability summary text,http://link.com,2022
CVE-2029-879,2022-12-02,Critical,Vulnerability summary text,http://link.com,2022
CVE-2020-880,2022-12-05,Critical,Vulnerability summary text,http://link.com,2022
CVE-2021-881,2022-12-08,Medium,Vulnerability summary text,http://link.com,2022
CVE-2022-882,2022-12-12,Critical,Vulnerability summary text,http://link.com,2022
CVE-2023-883,2022-12-15,High,Vulnerability summary text,http://link.com,2022
CVE-2024-884,2022-12-18,Low,Vulnerability summary text,http://link.com,2022
CVE-2025-885,2022-12-21,High,Vulnerability summary text,http://link.com,2022
CVE-2026-886,2022-12-25,Medium,Vulnerability summary text,http://link.com,2022
CVE-2027-887,2022-12-28,High,Vulnerability summary text,http://link.com,2022
CVE-2028-888,2022-12-31,High,Vulnerability summary text,http://link.com,2022
CVE-2029-889,2023-01-04,High,Vulnerability summary text,http://link.com,2023
CVE-2020-890,2023-01-07,Medium,Vulnerability summary text,http://link.com,2023
CVE-2021-891,2023-01-10,Medium,Vulnerability summary text,http://link.com,2023
CVE-2022-892,2023-01-13,Critical,Vulnerability summary text,http://link.com,2023
CVE-2023-893,2023-01-17,Critical,Vulnerability summary text,http://link.com,2023
CVE-2024-894,2023-01-20,Critical,Vulnerability summary text,http://link.com,2023
CVE-2025-895,2023-01-23,Low,Vulnerability summary text,http://link.com,2023
CVE-2026-896,2023-01-27,Critical,Vulnerability summary text,http://link.com,2023
CVE-2027-897,2023-01-30,Medium,Vulnerability summary text,http://link.com,2023
CVE-2028-898,2023-02-02,Critical,Vulnerability summary text,http://link.com,2023
CVE-2029-899,2023-02-05,Low,Vulnerability summary text,http://link.com,2023
CVE-2020-900,2023-02-09,High,Vulnerability summary text,http://link.com,2023
CVE-2021-901,2023-02-12,Low,Vulnerability summary text,http://link.com,2023
CVE-2022-902,2023-02-15,Low,Vulnerability summary text,http://link.com,2023
CVE-2023-903,2023-02-19,High,Vulnerability summary text,http://link.com,2023
CVE-2024-904,2023-02-22,Medium,Vulnerability summary text,http://link.com,2023
CVE-2025-905,2023-02-25,Low,Vulnerability summary text,http://link.com,2023
CVE-2026-906,2023-03-01,Medium,Vulnerability summary text,http://link.com,2023
CVE-2027-907,2023-03-04,Low,Vulnerability summary text,http://link.com,2023
CVE-2028-908,2023-03-07,Critical,Vulnerability summary text,http://link.com,2023
CVE-2029-909,2023-03-10,Medium,Vulnerability summary text,http://link.com,2023
CVE-2020-910,2023-03-14,Medium,Vulnerability summary text,http://link.com,2023
CVE-2021-911,2023-03-17,Low,Vulnerability summary text,http://link.com,2023
CVE-2022-912,2023-03-20,Medium,Vulnerability summary text,http://link.com,2023
CVE-2023-913,2023-03-24,Critical,Vulnerability summary text,http://link.com,2023
CVE-2024-914,2023-03-27,High,Vulnerability summary text,http://link.com,2023
CVE-2025-915,2023-03-30,High,Vulnerability summary text,http://link.com,2023
CVE-2026-916,2023-04-02,Low,Vulnerability summary text,http://link.com,2023
CVE-2027-917,2023-04-06,Medium,Vulnerability summary text,http://link.com,2023
CVE-2028-918,2023-04-09,Medium,Vulnerability summary text,http://link.com,2023
CVE-2029-919,2023-04-12,Critical,Vulnerability summary text,http://link.com,2023
CVE-2020-920,2023-04-16,Critical,Vulnerability summary text,http://link.com,2023
CVE-2021-921,2023-04-19,High,Vulnerability summary text,http://link.com,2023
CVE-2022-922,2023-04-22,Low,Vulnerability summary text,http://link.com,2023
CVE-2023-923,2023-04-25,High,Vulnerability summary text,http://link.com,2023
CVE-2024-924,2023-04-29,Medium,Vulnerability summary text,http://link.com,2023
CVE-2025-925,2023-05-02,Low,Vulnerability summary text,http://link.com,2023
CVE-2026-926,2023-05-05,Critical,Vulnerability summary text,http://link.com,2023
CVE-2027-927,2023-05-09,Low,Vulnerability summary text,http://link.com,2023
CVE-2028-928,2023-05-12,Medium,Vulnerability summary text,http://link.com,2023
CVE-2029-929,2023-05-15,Critical,Vulnerability summary text,http://link.com,2023
CVE-2020-930,2023-05-18,High,Vulnerability summary text,http://link.com,2023
CVE-2021-931,2023-05-22,High,Vulnerability summary text,http://link.com,2023
CVE-2022-932,2023-05-25,Low,Vulnerability summary text,http://link.com,2023
CVE-2023-933,2023-05-28,Critical,Vulnerability summary text,http://link.com,2023
CVE-2024-934,2023-06-01,High,Vulnerability summary text,http://link.com,2023
CVE-2025-935,2023-06-04,Critical,Vulnerability summary text,http://link.com,2023
CVE-2026-936,2023-06-07,High,Vulnerability summary text,http://link.com,2023
CVE-2027-937,2023-06-11,Medium,Vulnerability summary text,http://link.com,2023
CVE-2028-938,2023-06-14,High,Vulnerability summary text,http://link.com,2023
CVE-2029-939,2023-06-17,Medium,Vulnerability summary text,http://link.com,2023
CVE-2020-940,2023-06-20,Low,Vulnerability summary text,http://link.com,2023
CVE-2021-941,2023-06-24,Critical,Vulnerability summary text,http://link.com,2023
CVE-2022-942,2023-06-27,Critical,Vulnerability summary text,http://link.com,2023
CVE-2023-943,2023-06-30,Medium,Vulnerability summary text,http://link.com,2023
CVE-2024-944,2023-07-04,Critical,Vulnerability summary text,http://link.com,2023
CVE-2025-945,2023-07-07,Low,Vulnerability summary text,http://link.com,2023
CVE-2026-946,2023-07-10,High,Vulnerability summary text,http://link.com,2023
CVE-2027-947,2023-07-13,Critical,Vulnerability summary text,http://link.com,2023
CVE-2028-948,2023-07-17,Medium,Vulnerability summary text,http://link.com,2023
CVE-2029-949,2023-07-20,Medium,Vulnerability summary text,http://link.com,2023
CVE-2020-950,2023-07-23,Low,Vulnerability summary text,http://link.com,2023
CVE-2021-951,2023-07-27,Low,Vulnerability summary text,http://link.com,2023
CVE-2022-952,2023-07-30,Low,Vulnerability summary text,http://link.com,2023
CVE-2023-953,2023-08-02,Low,Vulnerability summary text,http://link.com,2023
CVE-2024-954,2023-08-05,Critical,Vulnerability summary text,http://link.com,2023
CVE-2025-955,2023-08-09,High,Vulnerability summary text,http://link.com,2023
CVE-2026-956,2023-08-12,Low,Vulnerability summary text,http://link.com,2023
CVE-2027-957,2023-08-15,High,Vulnerability summary text,http://link.com,2023
CVE-2028-958,2023-08-19,Medium,Vulnerability summary text,http://link.com,2023
CVE-2029-959,2023-08-22,Low,Vulnerability summary text,http://link.com,2023
CVE-2020-960,2023-08-25,Medium,Vulnerability summary text,http://link.com,2023
CVE-2021-961,2023-08-28,Critical,Vulnerability summary text,http://link.com,2023
CVE-2022-962,2023-09-01,Medium,Vulnerability summary text,http://link.com,2023
CVE-2023-963,2023-09-04,Critical,Vulnerability summary text,http://link.com,2023
CVE-2024-964,2023-09-07,Low,Vulnerability summary text,http://link.com,2023
CVE-2025-965,2023-09-11,High,Vulnerability summary text,http://link.com,2023
CVE-2026-966,2023-09-14,Critical,Vulnerability summary text,http://link.com,2023
CVE-2027-967,2023-09-17,Low,Vulnerability summary text,http://link.com,2023
CVE-2028-968,2023-09-21,Medium,Vulnerability summary text,http://link.com,2023
CVE-2029-969,2023-09-24,Critical,Vulnerability summary text,http://link.com,2023
CVE-2020-970,2023-09-27,Low,Vulnerability summary text,http://link.com,2023
CVE-2021-971,2023-09-30,High,Vulnerability summary text,http://link.com,2023
CVE-2022-972,2023-10-04,Critical,Vulnerability summary text,http://link.com,2023
CVE-2023-973,2023-10-07,Critical,Vulnerability summary text,http://link.com,2023
CVE-2024-974,2023-10-10,Critical,Vulnerability summary text,http://link.com,2023
CVE-2025-975,2023-10-14,Low,Vulnerability summary text,http://link.com,2023
CVE-2026-976,2023-10-17,Critical,Vulnerability summary text,http://link.com,2023
CVE-2027-977,2023-10-20,Medium,Vulnerability summary text,http://link.com,2023
CVE-2028-978,2023-10-23,Low,Vulnerability summary text,http://link.com,2023
CVE-2029-979,2023-10-27,Critical,Vulnerability summary text,http://link.com,2023
CVE-2020-980,2023-10-30,Low,Vulnerability summary text,http://link.com,2023
CVE-2021-981,2023-11-02,Critical,Vulnerability summary text,http://link.com,2023
CVE-2022-982,2023-11-06,Low,Vulnerability summary text,http://link.com,2023
CVE-2023-983,2023-11-09,Critical,Vulnerability summary text,http://link.com,2023
CVE-2024-984,2023-11-12,Medium,Vulnerability summary text,http://link.com,2023
CVE-2025-985,2023-11-15,Critical,Vulnerability summary text,http://link.com,2023
CVE-2026-986,2023-11-19,Medium,Vulnerability summary text,http://link.com,2023
CVE-2027-987,2023-11-22,Low,Vulnerability summary text,http://link.com,2023
CVE-2028-988,2023-11-25,High,Vulnerability summary text,http://link.com,2023
CVE-2029-989,2023-11-29,High,Vulnerability summary text,http://link.com,2023
CVE-2020-990,2023-12-02,Low,Vulnerability summary text,http://link.com,2023
CVE-2021-991,2023-12-05,Medium,Vulnerability summary text,http://link.com,2023
CVE-2022-992,2023-12-08,Medium,Vulnerability summary text,http://link.com,2023
CVE-2023-993,2023-12-12,High,Vulnerability summary text,http://link.com,2023
CVE-2024-994,2023-12-15,Medium,Vulnerability summary text,http://link.com,2023
CVE-2025-995,2023-12-18,High,Vulnerability summary text,http://link.com,2023
CVE-2026-996,2023-12-22,High,Vulnerability summary text,http://link.com,2023
CVE-2027-997,2023-12-25,High,Vulnerability summary text,http://link.com,2023
CVE-2028-998,2023-12-28,High,Vulnerability summary text,http://link.com,2023
CVE-2029-999,2024-01-01,Medium,Vulnerability summary text,http://link.com,2024
